---
title: 3.5 集合运算
categories: 
  - 数据库系统概念 原书第6版
  - 第一部分 关系数据库
  - 第3章 SQL
  - 3.5 集合运算
date: 2019-10-14 10:58:20
updated: 2019-12-17 02:00:56
abbrlink: ca9da947
---
<div id='my_toc'><a href="/ReadingNotes/ca9da947/#3-5-集合运算" class="header_1">3.5 集合运算</a>&nbsp;<br><a href="/ReadingNotes/ca9da947/#-SQL-查询-在2009年秋季学期开设的所有课程的集合" class="header_2">`SQL`查询 在2009年秋季学期开设的所有课程的集合</a>&nbsp;<br><a href="/ReadingNotes/ca9da947/#SQL查询-在2010年春季学期开设的所有课程的集合" class="header_2">SQL查询 在2010年春季学期开设的所有课程的集合</a>&nbsp;<br><a href="/ReadingNotes/ca9da947/#3-5-1-并运算-union" class="header_1">3.5.1 并运算 union</a>&nbsp;<br><a href="/ReadingNotes/ca9da947/#有些-SQL-实现不支持-union-运算" class="header_2">有些`SQL`实现不支持`union`运算</a>&nbsp;<br><a href="/ReadingNotes/ca9da947/#为便于阅读可将两条合并的查询放在括号中" class="header_2">为便于阅读可将两条合并的查询放在括号中</a>&nbsp;<br><a href="/ReadingNotes/ca9da947/#union运算会自动去除重复" class="header_2">union运算会自动去除重复</a>&nbsp;<br><a href="/ReadingNotes/ca9da947/#union-all运算会保留重复" class="header_2">union all运算会保留重复</a>&nbsp;<br><a href="/ReadingNotes/ca9da947/#3-5-2-交运算-intersect" class="header_1">3.5.2 交运算 intersect</a>&nbsp;<br><a href="/ReadingNotes/ca9da947/#-SQL-查询-找出在2009年秋季和2010年春季同时开课的所有课程的集合" class="header_2">`SQL`查询 找出在2009年秋季和2010年春季同时开课的所有课程的集合</a>&nbsp;<br><a href="/ReadingNotes/ca9da947/#保留重复intersect-all" class="header_2">保留重复intersect all</a>&nbsp;<br><a href="/ReadingNotes/ca9da947/#-MySQL-不支持intersect运算" class="header_2">`MySQL`不支持intersect运算</a>&nbsp;<br><a href="/ReadingNotes/ca9da947/#-MySQL-中通过union运算实现交运算" class="header_3">`MySQL`中通过union运算实现交运算</a>&nbsp;<br><a href="/ReadingNotes/ca9da947/#-SQL-查询-找出在2009年秋季所有课程的集合" class="header_3">`SQL`查询 找出在2009年秋季所有课程的集合</a>&nbsp;<br><a href="/ReadingNotes/ca9da947/#-SQL-查询-找出在和2010年春季开课的所有课程的集合" class="header_3">`SQL`查询 找出在和2010年春季开课的所有课程的集合</a>&nbsp;<br><a href="/ReadingNotes/ca9da947/#-SQL-查询-找出在2009年秋季和2010年春季同时开课的所有课程的集合" class="header_3">`SQL`查询 找出在2009年秋季和2010年春季同时开课的所有课程的集合</a>&nbsp;<br><a href="/ReadingNotes/ca9da947/#3-5-3-差运算-except" class="header_1">3.5.3 差运算 except</a>&nbsp;<br><a href="/ReadingNotes/ca9da947/#SQL查询-找出在2009年秋季学期开课但不在2010年春季学期开课的所有课程" class="header_2">SQL查询 找出在2009年秋季学期开课但不在2010年春季学期开课的所有课程</a>&nbsp;<br><a href="/ReadingNotes/ca9da947/#保留重复except-all" class="header_2">保留重复except all</a>&nbsp;<br><a href="/ReadingNotes/ca9da947/#Oracle使用minus代替except" class="header_2">Oracle使用minus代替except</a>&nbsp;<br><a href="/ReadingNotes/ca9da947/#-MySQL-不支持-except-运算符" class="header_2">`MySQL`不支持`except`运算符</a>&nbsp;<br><a href="/ReadingNotes/ca9da947/#-MySQL-中通过-not-in-实现差运算" class="header_3">`MySQL`中通过`not in`实现差运算</a>&nbsp;<br><a href="/ReadingNotes/ca9da947/#参考链接" class="header_1">参考链接</a>&nbsp;<br></div>
<style>.header_1{margin-left: 1em;}.header_2{margin-left: 2em;}.header_3{margin-left: 3em;}.header_4{margin-left: 4em;}.header_5{margin-left: 5em;}.header_6{margin-left: 6em;}</style>
<!--more-->
<script>if (navigator.platform.search('arm')==-1){document.getElementById('my_toc').style.display = 'none';}var e,p = document.getElementsByTagName('p');while (p.length>0) {e = p[0];e.parentElement.removeChild(e);}</script>

<!--end-->
<!--SSTStart-->
# 3.5 集合运算 #
`SQL`作用在关系上的`union`、 `intersect`和`except`运算对应于数学集合论中的并(∪)、交(∩)和差(-)运算。我们现在来构造包含在两个集合上使用`union`、 `intersect`和`except`运算的查询。
## `SQL`查询 在2009年秋季学期开设的所有课程的集合 ##
```sql
select course_id
from section
where semester ='Fall' and year=2009;
```
```cmd
mysql> select course_id
from section
where semester ='Fall' and year=2009;
+-----------+
| course_id |
+-----------+
| CS-101    |
| CS-347    |
| PHY-101   |
+-----------+
3 rows in set
```
## SQL查询 在2010年春季学期开设的所有课程的集合 ##
```sql
select course_id
from section
where semester='Spring' and year=2010;
```
```cmd
mysql> select course_id
from section
where semester='Spring' and year=2010;
+-----------+
| course_id |
+-----------+
| CS-101    |
| FIN-201   |
| MU-199    |
| HIS-351   |
| CS-319    |
| CS-319    |
| CS-315    |
+-----------+
```
# 3.5.1 并运算 union #
为了找出在200年秋季开课,`或者`在2010年春季开课或两个学期都开课的所有课程,我们可写查询语句:
```sql
(
    select course_id
    from section
    where semester ='Fall' and year=2009
)union(
    select course_id
    from section
    where semester='Spring' and year=2010
);
```
```cmd
mysql> (
    select course_id
    from section
    where semester ='Fall' and year=2009
)union(
    select course_id
    from section
    where semester='Spring' and year=2010
);
+-----------+
| course_id |
+-----------+
| CS-101    |
| CS-347    |
| PHY-101   |
| FIN-201   |
| MU-199    |
| HIS-351   |
| CS-319    |
| CS-315    |
+-----------+
8 rows in set
```
## 有些`SQL`实现不支持`union`运算 ##
尽管这是`SQL-92`标准的一部分,但某些`SQL`实现中可能不支持这种语法,经过我的测试`MySQL`是支持`union`运算的。
## 为便于阅读可将两条合并的查询放在括号中 ##
上述SQL语句中我们在每条`select-from- where`语句上使用的`括号`是为了方便阅读,`括号是可省略的`,也就是说写成如下形式也是可以的:
```sql
select course_id
from section
where semester ='Fall' and year=2009
union
select course_id
from section
where semester='Spring' and year=2010;
```
```cmd
mysql> select course_id
    from section
    where semester ='Fall' and year=2009
union
select course_id
    from section
    where semester='Spring' and year=2010;
+-----------+
| course_id |
+-----------+
| CS-101    |
| CS-347    |
| PHY-101   |
| FIN-201   |
| MU-199    |
| HIS-351   |
| CS-319    |
| CS-315    |
+-----------+
8 rows in set
```
## union运算会自动去除重复 ##
与`select`子句不同, `union`运算自动去除重复。
## union all运算会保留重复 ##
如果我们想保留所有重复,就必须用`union all`代替`unIon`:
```sql
select course_id
from section
where semester ='Fall' and year=2009
union all
select course_id
from section
where semester='Spring' and year=2010;
```
```cmd
mysql> select course_id
    from section
    where semester ='Fall' and year=2009
union all
select course_id
    from section
    where semester='Spring' and year=2010;
+-----------+
| course_id |
+-----------+
| CS-101    |
| CS-347    |
| PHY-101   |
| CS-101    |
| FIN-201   |
| MU-199    |
| HIS-351   |
| CS-319    |
| CS-319    |
| CS-315    |
+-----------+
10 rows in set
```
# 3.5.2 交运算 intersect #
## `SQL`查询 找出在2009年秋季和2010年春季同时开课的所有课程的集合 ##
```sql
select course_id
from section
where semester ='Fall' and year=2009
intersect
select course_id
from section
where semester='Spring' and year=2010;
```
## 保留重复intersect all ##
`intersect`运算自动去除重复。如果我们想保留所有重复,就必须用`intersect all`代替`intersect`:

## `MySQL`不支持intersect运算 ##
经过我的测试`MySQL`好像不支持`intersect`运算符,所以`MySQL`中得通过其他方式实现`交`运算。
### `MySQL`中通过union运算实现交运算 ###
原理就是求table1与table2不去除重复条目的并集，然后按想要的属性分组，取其中重复条目
```sql
select * from (
    select course_id
        from section
        where semester ='Fall' and year=2009
    union all
    select course_id
        from section
        where semester='Spring' and year=2010
) S 
group by course_id having count(*)>1; 
```
由于这种方式还有一个条件是`table1`和`table2`中各自`不能有重复值`,不然结果不正确,所以查询的时候需要使用`select distinct`先取出重复值.
### `SQL`查询 找出在2009年秋季所有课程的集合 ###
```sql
select distinct course_id
from section
where semester ='Fall' and year=2009;
```
### `SQL`查询 找出在和2010年春季开课的所有课程的集合 ###
```sql
select distinct course_id
from section
where semester='Spring' and year=2010;
```
### `SQL`查询 找出在2009年秋季和2010年春季同时开课的所有课程的集合 ###
```sql
select * from 
(
select distinct course_id
    from section
    where semester ='Fall' and year=2009
union all
    select distinct course_id
    from section
    where semester='Spring' and year=2010
) S 
group by course_id having count(*)>1;
```
```cmd
mysql> select distinct course_id
from section
where semester ='Fall' and year=2009;
+-----------+
| course_id |
+-----------+
| CS-101    |
| CS-347    |
| PHY-101   |
+-----------+
3 rows in set

mysql> select distinct course_id
from section
where semester='Spring' and year=2010;
+-----------+
| course_id |
+-----------+
| CS-101    |
| CS-315    |
| CS-319    |
| FIN-201   |
| HIS-351   |
| MU-199    |
+-----------+
6 rows in set

mysql> select * from (
    select distinct course_id
        from section
        where semester ='Fall' and year=2009
    union all
    select distinct course_id
        from section
        where semester='Spring' and year=2010
) S 
group by course_id having count(*)>1; 
+-----------+
| course_id |
+-----------+
| CS-101    |
+-----------+
1 row in set
```
# 3.5.3 差运算 except #
## SQL查询 找出在2009年秋季学期开课但不在2010年春季学期开课的所有课程 ##
```sql
select course_id
from section
where semester ='Fall' and year=2009
except
select course_id
from section
where semester='Spring' and year=2010;
```
`except`运算从其第一个输入中输出所有不出现在第二个输人中的元组
## 保留重复except all ##
`except`运算在执行集差操作之前自动去除输入中的重复,如果我们想保留所有重复,就必须用`except all`代替`except`:

## Oracle使用minus代替except ##
某些`SQL`实现,特别是`Oracle`,使用关键词`minus`代替`except`。
## `MySQL`不支持`except`运算符 ##
### `MySQL`中通过`not in`实现差运算 ###
```cmd
mysql> select course_id
from section
where semester ='Fall' and year=2009;
+-----------+
| course_id |
+-----------+
| CS-101    |
| CS-347    |
| PHY-101   |
+-----------+
3 rows in set

mysql> select course_id
from section
where semester='Spring' and year=2010;
+-----------+
| course_id |
+-----------+
| CS-101    |
| FIN-201   |
| MU-199    |
| HIS-351   |
| CS-319    |
| CS-319    |
| CS-315    |
+-----------+
7 rows in set

mysql> select course_id
from section
where semester ='Fall' and year=2009 and course_id not in(
    select course_id
        from section
        where semester='Spring' and year=2010
);
+-----------+
| course_id |
+-----------+
| CS-347    |
| PHY-101   |
+-----------+
2 rows in set
```
<!--SSTStop-->
# 参考链接 #
[https://blog.csdn.net/qq_39023116/article/details/79008085](https://blog.csdn.net/qq_39023116/article/details/79008085)
[https://www.w3cschool.cn/mysql/mysql-vge12oye.html](https://www.w3cschool.cn/mysql/mysql-vge12oye.html)

