---
title: 3.8.2 集合的比较
categories: 
  - 数据库系统概念 原书第6版
  - 第一部分 关系数据库
  - 第3章 SQL
  - 3.8 嵌套子查询
date: 2019-10-15 20:47:27
updated: 2019-11-02 10:08:28
abbrlink: 7e81718d
---
- [3.8.2 集合的比较](/ReadingNotes/7e81718d/#3-8-2-集合的比较)
    - [SQL查询 找出满足下面条件的所有**教师**的**姓名**,他们的**工资**至少比**Biology**系某一个教师的工资要高](/ReadingNotes/7e81718d/#SQL查询-找出满足下面条件的所有教师的姓名,他们的工资至少比Biology系某一个教师的工资要高)
        - [写法1](/ReadingNotes/7e81718d/#写法1)
        - [写法2](/ReadingNotes/7e81718d/#写法2)
        - [子查询 产生**Biology**系所有教师的所有工资值的集合](/ReadingNotes/7e81718d/#子查询-产生Biology系所有教师的所有工资值的集合)
        - [至少大于其中一个**>some**](/ReadingNotes/7e81718d/#至少大于其中一个>some)
    - [some详解](/ReadingNotes/7e81718d/#some详解)
        - [其他运算符和some组合的情况](/ReadingNotes/7e81718d/#其他运算符和some组合的情况)
        - [**=some**等价于in](/ReadingNotes/7e81718d/#=some等价于in)
        - [**<>some**不等价与**not in**](/ReadingNotes/7e81718d/#<>some不等价与not-in)
    - [SQL查询 找出**工资值**比**Biology**系每个教师的工资**都高**的所有教师的**姓名**](/ReadingNotes/7e81718d/#SQL查询-找出工资值比Biology系每个教师的工资都高的所有教师的姓名)
    - [all详解](/ReadingNotes/7e81718d/#all详解)
        - [**<>all**等价于**not in**](/ReadingNotes/7e81718d/#<>all等价于not-in)
        - [**=all**不等价与in](/ReadingNotes/7e81718d/#=all不等价与in)
    - [SQL查询 找出平均工资最高的系](/ReadingNotes/7e81718d/#SQL查询-找出平均工资最高的系)
    - [any](/ReadingNotes/7e81718d/#any)

<!--more-->
<script src="https://cdn.bootcss.com/jquery/3.4.0/jquery.slim.min.js"></script>
<script>$(document).ready(function () {$(".post-body > ul:nth-child(1)").hide();});</script>

<!--end-->
<!--SSTStart-->
# 3.8.2 集合的比较 #
## SQL查询 找出满足下面条件的所有`教师`的`姓名`,他们的`工资`至少比`Biology`系某一个教师的工资要高 ##
作为一个说明`嵌套子查询`能够对集合进行比较的例子,考虑查询"**找出满足下面条件的所有`教师`的`姓名`,他们的`工资`至少比`Biology`系某一个教师的工资要高**"。
### 写法1 ###
在3.4.1节,我们将此查询写作:
```sql
select distinct T.name
from instructor as T,instructor as s
where T.salary >S.salary and S.dept_name = 'Biology';
```
```cmd
mysql> select distinct T.name
from instructor as T,instructor as s
where T.salary >S.salary and S.dept_name = 'Biology';
+----------+
| name     |
+----------+
| Wu       |
| Einstein |
| Gold     |
| Katz     |
| Singh    |
| Brandt   |
| Kim      |
+----------+
7 rows in set
```
### 写法2 ###
### 子查询 产生`Biology`系所有教师的所有工资值的集合 ###
```sql
(
select salary
    from instructor
    where dept_name ='Biology'
)
```
产生`Biology`系所有教师的所有工资值的集合。
### 至少大于其中一个`>some` ###
短语"**至少比某一个要大**"在`SQL`中用`>some`表示。`>some`短语允许我们用一种更贴近此查询的文字表达的形式重写上面的查询:
```sql
select name
from instructor
where salary > some(
    select salary
        from instructor
        where dept_name='Biology'
);
```
```cmd
mysql> select name
from instructor
where salary > some(
    select salary
        from instructor
        where dept_name='Biology'
);
+----------+
| name     |
+----------+
| Wu       |
| Einstein |
| Gold     |
| Katz     |
| Singh    |
| Brandt   |
| Kim      |
+----------+
7 rows in set
```
当元组的`salary`值至少比`Biology`系教师的所有工资值集合中某一成员高时,外层`select`的`where`子句中`>some`的比较为真。
## some详解 ##
### 其他运算符和some组合的情况 ###
- **至少`小于`其中一个**(`<some`),
- **至少`小于等于`其中一个**(`<=some`),
- **至少`大于等于`其中一个**(`>=some`),
- **至少`等于`其中一个**(`=some`)
- **至少`不等于`其中一个**(`<>some`),`SQL`中`<>`符号是`不等于`的意思

### `=some`等价于in ###
因为`=some`的意思是**至少等于其中一个**,而`in`关键字,也是**至少等于其中一个**的意思,所以`=some`等价于`in`。
### `<>some`不等价与`not in` ###
- `<>some`的意思是**至少不等于其中任意一个**,
- `not in`的意思是**都不等于其中任意一个**.

可见`not in`要求比`<>some`要严格,所以`<>some`不等价于`not in`。

## SQL查询 找出`工资值`比`Biology`系每个教师的工资`都高`的所有教师的`姓名` ##
结构`>all`对应于词组"**比所有的都大**"。使用该结构,我们写出査询如下:
```sql
select name
from instructor
where salary >all(
    select salary
        from instructor
            where dept_name ='Biology'
);
```
```cmd
mysql> select name
from instructor
where salary >all(
    select salary
        from instructor
            where dept_name ='Biology'
);
+----------+
| name     |
+----------+
| Wu       |
| Einstein |
| Gold     |
| Katz     |
| Singh    |
| Brandt   |
| Kim      |
+----------+
7 rows in set
```
## all详解 ##
- 大于其中所有的`<all`,
- 小于等于其中所有的`<=all`,
- 大于等于其中所有的`>=all`,
- 等于其中所有的`=all`,
- 不等于其中所有的`<>al`,

### `<>all`等价于`not in` ###
`<>all`的意思是不等于其中所有的,和`not in`的意思是一样的,两者等价。
### `=all`不等价与in ###
- `=all`的意思是等于其中所有的,
- `in`的意思是等于其中一个

`=all`比in要求要严格,`=all`不等价于in

## SQL查询 找出平均工资最高的系 ##
作为集合比较的另一个例子,考虑查询"**找出平均工资最高的系**"。**我们首先写一个查询来`找出每个系的平均工资`**,**然后把它作为子查询嵌套在一个更大的查询中**,**以找出那些平均工资大于等于所有系平均工资的系**。
```sql
select dept_name
from instructor
group by dept_name
having avg(salary) >= all(
    select avg(salary)
        from instructor
        group by dept_name
);
```
```cmd
mysql> select dept_name,avg(salary)
from instructor
group by dept_name;
+------------+--------------+
| dept_name  | avg(salary)  |
+------------+--------------+
| Biology    | 72000        |
| Comp. Sci. | 77333.333333 |
| Elec. Eng. | 80000        |
| Finance    | 85000        |
| History    | 61000        |
| Music      | 40000        |
| Physics    | 91000        |
+------------+--------------+
7 rows in set

mysql> select dept_name
from instructor
group by dept_name
having avg(salary) >= all(
    select avg(salary)
        from instructor
        group by dept_name
);
+-----------+
| dept_name |
+-----------+
| Physics   |
+-----------+
1 row in set
```
## any ##
在`SQL`中关键词`any`同义于`some`。早期`SQL`版本中仅允许使用`any`,后来的版本为了避免和英语中`any`一词在语言上的混淆,又添加了另一个可选择的关键词`some`。
- `any`是任意一个
- `some`是一些,也就是至少一个

<!--SSTStop-->
```cmd
mysql> select name
from instructor
where salary > any(
    select salary
        from instructor
        where dept_name='Biology'
);
+----------+
| name     |
+----------+
| Wu       |
| Einstein |
| Gold     |
| Katz     |
| Singh    |
| Brandt   |
| Kim      |
+----------+
7 rows in set

mysql> select name
from instructor
where salary > some(
    select salary
        from instructor
        where dept_name='Biology'
);
+----------+
| name     |
+----------+
| Wu       |
| Einstein |
| Gold     |
| Katz     |
| Singh    |
| Brandt   |
| Kim      |
+----------+
7 rows in set
```

