---
title: 3.4.5 where子句谓词
categories: 
  - 数据库系统概念 原书第6版
  - 第一部分 关系数据库
  - 第3章 SQL
  - 3.4 SQL查询附加的基本运算
date: 2019-10-13 23:36:57
updated: 2019-12-17 01:44:33
abbrlink: 242bc9f3
---
<div id='my_toc'><a href="/ReadingNotes/242bc9f3/#3.4.5-where子句谓词" class="header_1">3.4.5 where子句谓词</a><br><a href="/ReadingNotes/242bc9f3/#between-and" class="header_2">between and</a><br><a href="/ReadingNotes/242bc9f3/#not-between-and" class="header_2">not between and</a><br><a href="/ReadingNotes/242bc9f3/#-n元组-比较运算符-n元组" class="header_2">(n元组) 比较运算符 (n元组)</a><br><a href="/ReadingNotes/242bc9f3/#n元组将按字典顺序比较" class="header_3">n元组将按字典顺序比较</a><br><a href="/ReadingNotes/242bc9f3/#所有属性相等n元组相等" class="header_3">所有属性相等n元组相等</a><br><a href="/ReadingNotes/242bc9f3/#SQL查询-査找-Biology-系讲授了课程的所有教师的姓名和他们所讲授的课程的课程号" class="header_2">SQL查询 査找`Biology`系讲授了课程的所有教师的姓名和他们所讲授的课程的课程号</a><br><a href="/ReadingNotes/242bc9f3/#一般形式" class="header_3">一般形式</a><br><a href="/ReadingNotes/242bc9f3/#n元组比较形式" class="header_3">n元组比较形式</a><br></div>
<style>
    .header_1{
        margin-left: 1em;
    }
    .header_2{
        margin-left: 2em;
    }
    .header_3{
        margin-left: 3em;
    }
    .header_4{
        margin-left: 4em;
    }
    .header_5{
        margin-left: 5em;
    }
    .header_6{
        margin-left: 6em;
    }
</style>
<!--more-->
<script>if (navigator.platform.search('arm')==-1){document.getElementById('my_toc').style.display = 'none';}
var e,p = document.getElementsByTagName('p');while (p.length>0) {e = p[0];e.parentElement.removeChild(e);}
</script>

<!--end-->
<!--SSTStart-->
# 3.4.5 where子句谓词 #
## between and ##
为了简化`where`子句,`SQL`提供`between`比较运算符来说明**一个值是小于或等于某个值,同时大于或等于另一个值的**。

如果我们想找出工资在90000美元和100000美元之间的教师的姓名,我们可以使用`between`比较运算符,如下所示:
```sql
select name
from instructor
where salary between 90000 and 100000;
```

```cmd
mysql> select name
from instructor
where salary between 90000 and 100000;
+----------+
| name     |
+----------+
| Wu       |
| Einstein |
| Brandt   |
+----------+
3 rows in set
```
它可以取代：
```sql
select name
from instructor
where salary <=100000 and salary >=90000;
```
```cmd
mysql> select name
from instructor
where salary <=100000 and salary >=90000;
+----------+
| name     |
+----------+
| Wu       |
| Einstein |
| Brandt   |
+----------+
3 rows in set
```
## not between and ##
类似地,我们还可以使用`not between`比较运算符。
```sql
select name
from instructor
where salary not between 90000 and 100000;
```

```cmd
mysql> select name
from instructor
where salary not between 90000 and 100000;
+------------+
| name       |
+------------+
| Srinivasan |
| Mozart     |
| El Said    |
| Gold       |
| Katz       |
| Califieri  |
| Singh      |
| Crick      |
| Kim        |
+------------+
9 rows in set
```
类似地,我们还可以使用`not between`比较运算符。

## (n元组) 比较运算符 (n元组) ##
SQL允许我们用记号`(V1,V2,…,Vn)`来表示一个分量值分别为`V1,V2,...,Vn`的n维元组。
### n元组将按字典顺序比较 ###
在元组上可以运用比较运算符时将**按字典顺序进行比较运算**
例如,`(a1,a2)<=(b1,b2)`在`a1<=b1`且`a2<=b2`时为真。
### 所有属性相等n元组相等 ###
类似地,当两个元组在所有属性上相等时,它们是相等的。

## SQL查询 査找`Biology`系讲授了课程的所有教师的姓名和他们所讲授的课程的课程号 ##
### 一般形式 ###
为了写出这样的查询,我们可以在前面看到过的两个`SQL`查询的任意一个的基础上进行修改,在`where`子句中增加一个额外的条件。我们下面给出修改后的不使用自然连接的`SQL`查询形式:
```sql
select name,course_id
from instructor,teaches
where instructor.ID= teaches.ID and dept_name = 'Biology';
```
```
mysql> select name,course_id
from instructor,teaches
where instructor.ID= teaches.ID and dept_name = 'Biology';
+-------+-----------+
| name  | course_id |
+-------+-----------+
| Crick | BIO-101   |
| Crick | BIO-301   |
+-------+-----------+
2 rows in set
```
### n元组比较形式 ###
使用n元组比较可以将上面的一般形式重写为如下形式:
```sql
select name, course_id
from instructor,teaches
where (instructor.ID, dept_name ) = (teaches.ID, 'Biology');
```

```
mysql> select name, course_id
from instructor,teaches
where (instructor.ID, dept_name ) = (teaches.ID, 'Biology');
+-------+-----------+
| name  | course_id |
+-------+-----------+
| Crick | BIO-101   |
| Crick | BIO-301   |
+-------+-----------+
2 rows in set
```
<!--SSTStop-->
> # 大学数据库模式 #
> 教室:<code>classroom(<u>building</u>,room_number,capacity)</code>
> 系:<code>department(<u>dept_name</u>,building,budget)</code>
> 课程:<code>course(<u>course_id</u>,title,dept_name,credits)</code>
> 授课:<code>teaches(<u>ID,course_id,sec_id,semester,year</u>)</code>
> 讲师:<code>instructor(<u>ID</u>,name,dept_name,salary)</code>
> <code>section(<u>course_id,sec_id,semester,year</u>,building,room_number,time_slot_id)</code>
> 学生:<code>student(<u>ID</u>,name,dept_name,tot_cred)</code>
> <code>takes(<u>ID,course_id,sec_id,semester,year</u>,grade)</code>
> <code>advisor(<u>s_ID,i_ID</u>)</code>
> <code>time_slot(<u>time_slot_id,day,start_time</u>,end_time)</code>
> <code>prereq(<u>course_id,prereq_id</u>)</code>

