---
title: 3.4.4 排列元组的显示次序
categories: 
  - 数据库系统概念 原书第6版
  - 第一部分 关系数据库
  - 第3章 SQL
  - 3.4 SQL查询附加的基本运算
date: 2019-10-13 22:49:27
updated: 2019-11-02 10:08:28
abbrlink: b84518cc
---
- [3.4.4 排列元组的显示次序](/ReadingNotes/b84518cc/#3-4-4-排列元组的显示次序)
    - [order by子句](/ReadingNotes/b84518cc/#order-by子句)
    - [SQL查询 列出在**Physics**系的所有教师](/ReadingNotes/b84518cc/#SQL查询-列出在Physics系的所有教师)
    - [desc降序  asc升序](/ReadingNotes/b84518cc/#desc降序-asc升序)
    - [在多个属性上排序](/ReadingNotes/b84518cc/#在多个属性上排序)
        - [SQL查询 先按salary降序 若salary相同 则按姓名升序](/ReadingNotes/b84518cc/#SQL查询-先按salary降序-若salary相同-则按姓名升序)

<!--more-->
<script src="https://cdn.bootcss.com/jquery/3.4.0/jquery.slim.min.js"></script>
<script>$(document).ready(function () {$(".post-body > ul:nth-child(1)").hide();});</script>

<!--end-->
<!--SSTStart-->
# 3.4.4 排列元组的显示次序 #
## order by子句 ##
`SQL`为用户提供了一些对关系中元组显示次序的控制。 `order by`子句就可以让查询结果中元组按排列顺序显示。
## SQL查询 列出在`Physics`系的所有教师 ##
为了按`字母顺序`列出在`Physics`系的所有教师,我们可以这样写:
```sql
select name
from instructor
where dept_name = 'Physics'
order by name;
```
```cmd
mysql> select name
from instructor
where dept_name = 'Physics'
order by name;
+----------+
| name     |
+----------+
| Einstein |
| Gold     |
+----------+
2 rows in set
```
## desc降序  asc升序 ##
`order by`子句默认使用升序。要说明排序顺序,我们可以用`desc`表示降序,或者用`asc`表示升序。
## 在多个属性上排序 ##
此外,排序可在多个属性上进行。
### SQL查询 先按salary降序 若salary相同 则按姓名升序 ###
假设我们希望按`salary`的降序列出整个`instructor`关系。如果有几位教师的工资相同,就将它们按姓名升序排列。我们用`SQL`将该查询表示如下:
```sql
select *
from instructor
order by salary desc, name asc;
```
```cmd
mysql> select *
from instructor
order by salary desc, name asc;
+-------+------------+------------+--------+
| ID    | name       | dept_name  | salary |
+-------+------------+------------+--------+
| 22222 | Einstein   | Physics    | 95000  |
| 83821 | Brandt     | Comp. Sci. | 92000  |
| 12121 | Wu         | Finance    | 90000  |
| 33456 | Gold       | Physics    | 87000  |
| 98345 | Kim        | Elec. Eng. | 80000  |
| 76543 | Singh      | Finance    | 80000  |
| 45565 | Katz       | Comp. Sci. | 75000  |
| 76766 | Crick      | Biology    | 72000  |
| 10101 | Srinivasan | Comp. Sci. | 65000  |
| 58583 | Califieri  | History    | 62000  |
| 32343 | El Said    | History    | 60000  |
| 15151 | Mozart     | Music      | 40000  |
+-------+------------+------------+--------+
12 rows in set
```
<!--SSTStop-->

