---
title: 3.7 聚集函数 3.7.1 基本聚集
categories: 
  - 数据库系统概念 原书第6版
  - 第一部分 关系数据库
  - 第3章 SQL
  - 3.7 聚集函数
date: 2019-10-14 23:23:34
updated: 2019-11-02 10:12:06
abbrlink: cd11efad
---
<div id='my_toc'><a href="/ReadingNotes/cd11efad/#3.7-聚集函数" class="header_1">3.7 聚集函数</a><br><a href="/ReadingNotes/cd11efad/#什么是聚集函数" class="header_2">什么是聚集函数</a><br><a href="/ReadingNotes/cd11efad/#五个固有聚集函数-avg-min-max-sum-count-" class="header_2">五个固有聚集函数 `avg min max sum count`</a><br><a href="/ReadingNotes/cd11efad/#3.7.1-基本聚集" class="header_1">3.7.1 基本聚集</a><br><a href="/ReadingNotes/cd11efad/#sum实例-找出-Computer-Science-系所以教师的总工资" class="header_2">sum实例 找出`Computer Science`系所以教师的总工资</a><br><a href="/ReadingNotes/cd11efad/#avg实例-找出-Computer-Science-系教师的平均工资" class="header_2">avg实例 找出`Computer Science`系教师的平均工资</a><br><a href="/ReadingNotes/cd11efad/#使用as重命名聚集函数的结果" class="header_2">使用as重命名聚集函数的结果</a><br><a href="/ReadingNotes/cd11efad/#重复值" class="header_2">重复值</a><br><a href="/ReadingNotes/cd11efad/#计算平均值是注意要保留重复元组" class="header_3">计算平均值是注意要保留重复元组</a><br><a href="/ReadingNotes/cd11efad/#使用distinct在计算聚集函数之前-删除重复元组" class="header_3">使用distinct在计算聚集函数之前 删除重复元组</a><br><a href="/ReadingNotes/cd11efad/#计算一个关系中元组的个数count(*)" class="header_2">计算一个关系中元组的个数count(*)</a><br><a href="/ReadingNotes/cd11efad/#没有count(distinct-*)" class="header_2">没有count(distinct *)</a><br><a href="/ReadingNotes/cd11efad/#max和min中可以使用distinct" class="header_2">max和min中可以使用distinct</a><br><a href="/ReadingNotes/cd11efad/#默认保留重复" class="header_2">默认保留重复</a><br></div>
<style>
    .header_1{
        margin-left: 1em;
    }
    .header_2{
        margin-left: 2em;
    }
    .header_3{
        margin-left: 3em;
    }
    .header_4{
        margin-left: 4em;
    }
    .header_5{
        margin-left: 5em;
    }
    .header_6{
        margin-left: 6em;
    }
</style>
<!--more-->
<script>if (navigator.platform.search('arm')==-1){document.getElementById('my_toc').style.display = 'none';}
var e,p = document.getElementsByTagName('p');while (p.length>0) {e = p[0];e.parentElement.removeChild(e);}
</script>

<!--end-->
<!--SSTStart-->
# 3.7 聚集函数
## 什么是聚集函数 ##
`聚集函数`是以值的一个集合(集或多重集)为输入、返回单个值的函数。
## 五个固有聚集函数 `avg min max sum count` ##
`SQL`提供了五个固有聚集函数
- 平均值:`avg`
- 最小值:`min`
- 最大值:`max`。
- 总和:`sum`。
- 计数:`count`。

其中`sum`和`avg`的输入必须是`数字集`,
其他运算符(`min,max,count)`还可作用在`非数字数据类型`的集合上,如字符串。
# 3.7.1 基本聚集 #
## sum实例 找出`Computer Science`系所以教师的总工资 ##
```sql
select sum(salary) as sum_salary
from instructor
where dept_name ='Comp. Sci. ';
```
```cmd
mysql> select sum(salary) as sum_salary
from instructor
where dept_name ='Comp. Sci. ';
+------------+
| sum_salary |
+------------+
| 232000.00  |
+------------+
1 row in set
```
## avg实例 找出`Computer Science`系教师的平均工资 ##
```sql
select avg(salary)
from instructor
where dept_name ='Comp. Sci. ';
```
该查询的结果是一个具有`单属性`的关系,其中只包含一个元组,这个元组的数值对应`Computer Science`系教师的平均工资。
```cmd
mysql> select avg(salary)
from instructor
where dept_name ='Comp. Sci. ';
+--------------+
| avg(salary)  |
+--------------+
| 77333.333333 |
+--------------+
1 row in set
```
## 使用as重命名聚集函数的结果 ##
数据库系统可以给结果关系的属性一个任意的名字,该属性是由聚集产生的。然而,我们可以用`as`子句给属性赋个有意义的名称,如下所示:
```sql
select avg(salary) as avg_salary
from instructor
where dept_name ='Comp. Sci. ';
```
```cmd
mysql> select avg(salary) as avg_salary
from instructor
where dept_name ='Comp. Sci. ';
+--------------+
| avg_salary   |
+--------------+
| 77333.333333 |
+--------------+
1 row in set
```
在`instructor`关系中, `Computer Science`系的工资值是75000美元、65000美元和92000美元,平均工资是`232000/3=773333`美元。
## 重复值 ##
### 计算平均值是注意要保留重复元组 ###
**在计算平均值时保留重复元组是很重要的**。假设`Computer Science`系增加了第四位教师,其工资正好是75000美元。如果去除重复的话,我们会得到错误的答案(232000/4=58000美元),而正确的答案是76750美元。
### 使用distinct在计算聚集函数之前 删除重复元组 ###
有些情况下在计算聚集函数前需先删掉重复元组。如果我们确实想删除重复元组,可在聚集表达式中使用关键词`distinct`。比方有这样一个查询示例"**找出在`2010`年`春季学期`讲授一门课程的`教师`总数**",在该例中不论一个教师讲授了几个课程段,他只应被计算一次。所需信息包含在`teaches`关系中,我们书写该查询如下
```sql
select count(distinct ID)
from teaches
where semester ='Spring' and year=2010;
```
## 计算一个关系中元组的个数count(*) ##
我们经常使用聚集函数`count`计算一个关系中元组的个数。`SQL`中该函数的写法是`count(*)`。因此,要找出`course`关系中的元组数,可写成:
```sql
select count(*)
from course;
```
```cmd
mysql> select count(*)
from course;
+----------+
| count(*) |
+----------+
|       13 |
+----------+
1 row in set
```
## 没有count(distinct *) ##
`SQL`不允许在用`count(*)`时使用`distinct`。
## max和min中可以使用distinct ##
在用`max`和`min`时使用`distinct`是合法的,不过没有必要,因为`结果并无差别`。
## 默认保留重复 ##
我们可以使用关键词`all`替代`distinct`来说明保留重复元组,但是,既然`all`是默认的,所以没必要显示使用`all`。
<!--SSTStop-->

