---
title: 4.1 连接表达式 4.1.1 连接条件
categories: 
  - 数据库系统概念 原书第6版
  - 第一部分 关系数据库
  - 第4章 中级SQL
  - 4.1 连接表达式
date: 2019-10-20 10:35:19
updated: 2019-11-02 10:12:06
abbrlink: d4b47bf9
---
<div id='my_toc'><a href="/ReadingNotes/d4b47bf9/#4.1-连接表达式" class="header_1">4.1 连接表达式</a><br><a href="/ReadingNotes/d4b47bf9/#student关系内容" class="header_2">student关系内容</a><br><a href="/ReadingNotes/d4b47bf9/#takes关系内容" class="header_2">takes关系内容</a><br><a href="/ReadingNotes/d4b47bf9/#4.1.1-连接条件" class="header_1">4.1.1 连接条件</a><br><a href="/ReadingNotes/d4b47bf9/#on条件" class="header_2">on条件</a><br><a href="/ReadingNotes/d4b47bf9/#on条件和自然连接的区别" class="header_2">on条件和自然连接的区别</a><br><a href="/ReadingNotes/d4b47bf9/#on条件改成where" class="header_2">on条件改成where</a><br><a href="/ReadingNotes/d4b47bf9/#on条件只显示一次重复的属性-不使用-select-*-" class="header_2">on条件只显示一次重复的属性 不使用`select *`</a><br><a href="/ReadingNotes/d4b47bf9/#on条件比自然连接功能更强" class="header_2">on条件比自然连接功能更强</a><br><a href="/ReadingNotes/d4b47bf9/#on条件可以使用where替代" class="header_2">on条件可以使用where替代</a><br><a href="/ReadingNotes/d4b47bf9/#on条件的优点" class="header_2">on条件的优点</a><br></div>
<style>
    .header_1{
        margin-left: 1em;
    }
    .header_2{
        margin-left: 2em;
    }
    .header_3{
        margin-left: 3em;
    }
    .header_4{
        margin-left: 4em;
    }
    .header_5{
        margin-left: 5em;
    }
    .header_6{
        margin-left: 6em;
    }
</style>
<!--more-->
<script>if (navigator.platform.search('arm')==-1){document.getElementById('my_toc').style.display = 'none';}
var e,p = document.getElementsByTagName('p');while (p.length>0) {e = p[0];e.parentElement.removeChild(e);}
</script>

<!--end-->
<!--SSTStart-->
# 4.1 连接表达式 #
在3.3.3节我们介绍了`自然连接`运算。`SQL`提供了连接运算的其他形式,包括能够指定显式的**连接谓词**(`join predicate`),能够在结果中包含被自然连接排除在外的元组。本节我们将讨论这些连接的形式。
本节的例子涉及`student`和`takes`两个关系,如下所示:
## student关系内容 ##
```cmd
mysql> select * from student;
+-------+----------+------------+----------+
| ID    | name     | dept_name  | tot_cred |
+-------+----------+------------+----------+
| 00128 | Zhang    | Comp. Sci. | 102      |
| 12345 | Shankar  | Comp. Sci. | 32       |
| 19991 | Brandt   | History    | 80       |
| 23121 | Chavez   | Finance    | 110      |
| 44553 | Peltier  | Physics    | 56       |
| 45678 | Levy     | Physics    | 46       |
| 54321 | Williams | Comp. Sci. | 54       |
| 55739 | Sanchez  | Music      | 38       |
| 70557 | Snow     | Physics    | 0        |
| 76543 | Brown    | Comp. Sci. | 58       |
| 76653 | Aoi      | Elec. Eng. | 60       |
| 98765 | Bourikas | Elec. Eng. | 98       |
| 98988 | Tanaka   | Biology    | 120      |
+-------+----------+------------+----------+
13 rows in set (0.03 sec)
```
## takes关系内容 ##
```cmd
mysql> select * from takes;
+-------+-----------+--------+----------+------+-------+
| ID    | course_id | sec_id | semester | year | grade |
+-------+-----------+--------+----------+------+-------+
| 00128 | CS-101    | 1      | Fall     | 2009 | A     |
| 00128 | CS-347    | 1      | Fall     | 2009 | A-    |
| 12345 | CS-101    | 1      | Fall     | 2009 | C     |
| 12345 | CS-190    | 2      | Spring   | 2009 | A     |
| 12345 | CS-315    | 1      | Spring   | 2010 | A     |
| 12345 | CS-347    | 1      | Fall     | 2009 | A     |
| 19991 | HIS-351   | 1      | Spring   | 2010 | B     |
| 23121 | FIN-201   | 1      | Spring   | 2010 | C+    |
| 44553 | PHY-101   | 1      | Fall     | 2009 | B-    |
| 45678 | CS-101    | 1      | Fall     | 2009 | F     |
| 45678 | CS-101    | 1      | Spring   | 2010 | B+    |
| 45678 | CS-319    | 1      | Spring   | 2010 | B     |
| 54321 | CS-101    | 1      | Fall     | 2009 | A-    |
| 54321 | CS-190    | 2      | Spring   | 2009 | B+    |
| 55739 | MU-199    | 1      | Spring   | 2010 | A-    |
| 76543 | CS-101    | 1      | Fall     | 2009 | A     |
| 76543 | CS-319    | 2      | Spring   | 2010 | A     |
| 76653 | EE-181    | 1      | Spring   | 2009 | C     |
| 98765 | CS-101    | 1      | Fall     | 2009 | C-    |
| 98765 | CS-315    | 1      | Spring   | 2010 | B     |
| 98988 | BIO-101   | 1      | Summer   | 2009 | A     |
| 98988 | BIO-301   | 1      | Summer   | 2010 | NULL  |
+-------+-----------+--------+----------+------+-------+
22 rows in set (0.06 sec)
```
注意到对于ID为98988的学生,他在2010夏季选修的`BIO-301`课程的1号课程段的`grade`属性为空值。该空值表示这门课程的成绩还没有得到。
# 4.1.1 连接条件 #
在3.3.3节我们介绍了如何表达**自然连接**,并且介绍了`join…using`子句,它是一种自然连接的形式,只需要**在指定属性上的取值匹配**。
`SQL`支持另外一种形式的连接,其中可以**指定任意的连接条件**。
## on条件 ##
on条件允许在参与连接的关系上设置通用的谓词。该谓词的写法与`where`子句谓词类似,只不过使用的是关键词`on`而不是`where`。与`using`条件样,**`on`条件出现在连接表达式的末尾**。
考虑下面的查询,它具有包含on条件的连接表达式:
```sql
select *
    from student
    join takes on student.ID=takes.ID;
```
```cmd
mysql> select *
    from student
    join takes on student.ID=takes.ID;
+-------+----------+------------+----------+-------+-----------+--------+----------+------+-------+
| ID    | name     | dept_name  | tot_cred | ID    | course_id | sec_id | semester | year | grade |
+-------+----------+------------+----------+-------+-----------+--------+----------+------+-------+
| 00128 | Zhang    | Comp. Sci. | 102      | 00128 | CS-101    | 1      | Fall     | 2009 | A     |
| 00128 | Zhang    | Comp. Sci. | 102      | 00128 | CS-347    | 1      | Fall     | 2009 | A-    |
| 12345 | Shankar  | Comp. Sci. | 32       | 12345 | CS-101    | 1      | Fall     | 2009 | C     |
| 12345 | Shankar  | Comp. Sci. | 32       | 12345 | CS-190    | 2      | Spring   | 2009 | A     |
| 12345 | Shankar  | Comp. Sci. | 32       | 12345 | CS-315    | 1      | Spring   | 2010 | A     |
| 12345 | Shankar  | Comp. Sci. | 32       | 12345 | CS-347    | 1      | Fall     | 2009 | A     |
| 19991 | Brandt   | History    | 80       | 19991 | HIS-351   | 1      | Spring   | 2010 | B     |
| 23121 | Chavez   | Finance    | 110      | 23121 | FIN-201   | 1      | Spring   | 2010 | C+    |
| 44553 | Peltier  | Physics    | 56       | 44553 | PHY-101   | 1      | Fall     | 2009 | B-    |
| 45678 | Levy     | Physics    | 46       | 45678 | CS-101    | 1      | Fall     | 2009 | F     |
| 45678 | Levy     | Physics    | 46       | 45678 | CS-101    | 1      | Spring   | 2010 | B+    |
| 45678 | Levy     | Physics    | 46       | 45678 | CS-319    | 1      | Spring   | 2010 | B     |
| 54321 | Williams | Comp. Sci. | 54       | 54321 | CS-101    | 1      | Fall     | 2009 | A-    |
| 54321 | Williams | Comp. Sci. | 54       | 54321 | CS-190    | 2      | Spring   | 2009 | B+    |
| 55739 | Sanchez  | Music      | 38       | 55739 | MU-199    | 1      | Spring   | 2010 | A-    |
| 76543 | Brown    | Comp. Sci. | 58       | 76543 | CS-101    | 1      | Fall     | 2009 | A     |
| 76543 | Brown    | Comp. Sci. | 58       | 76543 | CS-319    | 2      | Spring   | 2010 | A     |
| 76653 | Aoi      | Elec. Eng. | 60       | 76653 | EE-181    | 1      | Spring   | 2009 | C     |
| 98765 | Bourikas | Elec. Eng. | 98       | 98765 | CS-101    | 1      | Fall     | 2009 | C-    |
| 98765 | Bourikas | Elec. Eng. | 98       | 98765 | CS-315    | 1      | Spring   | 2010 | B     |
| 98988 | Tanaka   | Biology    | 120      | 98988 | BIO-101   | 1      | Summer   | 2009 | A     |
| 98988 | Tanaka   | Biology    | 120      | 98988 | BIO-301   | 1      | Summer   | 2010 | NULL  |
+-------+----------+------------+----------+-------+-----------+--------+----------+------+-------+
22 rows in set (0.08 sec)
```
上述`on`条件表明:如果一个来自`student`的元组和一个来自`takes`的元组在`ID`上的取值相同,那么它们是匹配的。
## on条件和自然连接的区别 ##
在上例中的连接表达式与连接表达式`student natural join takes`几乎是一样的,因为自然连接运算也需要`studen`元组和`takes`元组是匹配的。
这两者之间的一个区别在于:在上述连接查询结果中,`ID`属性出现两次,一次是`student`中的,另一次是`takes`中的,即便它们的`ID`属性值是相同的。
```sql
select *
    from student natural join takes;
```
```cmd
mysql> select *
    from student natural join takes;
+-------+----------+------------+----------+-----------+--------+----------+------+-------+
| ID    | name     | dept_name  | tot_cred | course_id | sec_id | semester | year | grade |
+-------+----------+------------+----------+-----------+--------+----------+------+-------+
| 00128 | Zhang    | Comp. Sci. | 102      | CS-101    | 1      | Fall     | 2009 | A     |
| 00128 | Zhang    | Comp. Sci. | 102      | CS-347    | 1      | Fall     | 2009 | A-    |
| 12345 | Shankar  | Comp. Sci. | 32       | CS-101    | 1      | Fall     | 2009 | C     |
| 12345 | Shankar  | Comp. Sci. | 32       | CS-190    | 2      | Spring   | 2009 | A     |
| 12345 | Shankar  | Comp. Sci. | 32       | CS-315    | 1      | Spring   | 2010 | A     |
| 12345 | Shankar  | Comp. Sci. | 32       | CS-347    | 1      | Fall     | 2009 | A     |
| 19991 | Brandt   | History    | 80       | HIS-351   | 1      | Spring   | 2010 | B     |
| 23121 | Chavez   | Finance    | 110      | FIN-201   | 1      | Spring   | 2010 | C+    |
| 44553 | Peltier  | Physics    | 56       | PHY-101   | 1      | Fall     | 2009 | B-    |
| 45678 | Levy     | Physics    | 46       | CS-101    | 1      | Fall     | 2009 | F     |
| 45678 | Levy     | Physics    | 46       | CS-101    | 1      | Spring   | 2010 | B+    |
| 45678 | Levy     | Physics    | 46       | CS-319    | 1      | Spring   | 2010 | B     |
| 54321 | Williams | Comp. Sci. | 54       | CS-101    | 1      | Fall     | 2009 | A-    |
| 54321 | Williams | Comp. Sci. | 54       | CS-190    | 2      | Spring   | 2009 | B+    |
| 55739 | Sanchez  | Music      | 38       | MU-199    | 1      | Spring   | 2010 | A-    |
| 76543 | Brown    | Comp. Sci. | 58       | CS-101    | 1      | Fall     | 2009 | A     |
| 76543 | Brown    | Comp. Sci. | 58       | CS-319    | 2      | Spring   | 2010 | A     |
| 76653 | Aoi      | Elec. Eng. | 60       | EE-181    | 1      | Spring   | 2009 | C     |
| 98765 | Bourikas | Elec. Eng. | 98       | CS-101    | 1      | Fall     | 2009 | C-    |
| 98765 | Bourikas | Elec. Eng. | 98       | CS-315    | 1      | Spring   | 2010 | B     |
| 98988 | Tanaka   | Biology    | 120      | BIO-101   | 1      | Summer   | 2009 | A     |
| 98988 | Tanaka   | Biology    | 120      | BIO-301   | 1      | Summer   | 2010 | NULL  |
+-------+----------+------------+----------+-----------+--------+----------+------+-------+
22 rows in set (0.07 sec)
```
## on条件改成where ##
实际上,上述查询与以下查询产生的结果是完全相同的。
```sql
select *
    from student,takes
    where student.ID=takes.ID;
```
```cmd
mysql> select *
    from student,takes
    where student.ID=takes.ID;
+-------+----------+------------+----------+-------+-----------+--------+----------+------+-------+
| ID    | name     | dept_name  | tot_cred | ID    | course_id | sec_id | semester | year | grade |
+-------+----------+------------+----------+-------+-----------+--------+----------+------+-------+
| 00128 | Zhang    | Comp. Sci. | 102      | 00128 | CS-101    | 1      | Fall     | 2009 | A     |
| 00128 | Zhang    | Comp. Sci. | 102      | 00128 | CS-347    | 1      | Fall     | 2009 | A-    |
| 12345 | Shankar  | Comp. Sci. | 32       | 12345 | CS-101    | 1      | Fall     | 2009 | C     |
| 12345 | Shankar  | Comp. Sci. | 32       | 12345 | CS-190    | 2      | Spring   | 2009 | A     |
| 12345 | Shankar  | Comp. Sci. | 32       | 12345 | CS-315    | 1      | Spring   | 2010 | A     |
| 12345 | Shankar  | Comp. Sci. | 32       | 12345 | CS-347    | 1      | Fall     | 2009 | A     |
| 19991 | Brandt   | History    | 80       | 19991 | HIS-351   | 1      | Spring   | 2010 | B     |
| 23121 | Chavez   | Finance    | 110      | 23121 | FIN-201   | 1      | Spring   | 2010 | C+    |
| 44553 | Peltier  | Physics    | 56       | 44553 | PHY-101   | 1      | Fall     | 2009 | B-    |
| 45678 | Levy     | Physics    | 46       | 45678 | CS-101    | 1      | Fall     | 2009 | F     |
| 45678 | Levy     | Physics    | 46       | 45678 | CS-101    | 1      | Spring   | 2010 | B+    |
| 45678 | Levy     | Physics    | 46       | 45678 | CS-319    | 1      | Spring   | 2010 | B     |
| 54321 | Williams | Comp. Sci. | 54       | 54321 | CS-101    | 1      | Fall     | 2009 | A-    |
| 54321 | Williams | Comp. Sci. | 54       | 54321 | CS-190    | 2      | Spring   | 2009 | B+    |
| 55739 | Sanchez  | Music      | 38       | 55739 | MU-199    | 1      | Spring   | 2010 | A-    |
| 76543 | Brown    | Comp. Sci. | 58       | 76543 | CS-101    | 1      | Fall     | 2009 | A     |
| 76543 | Brown    | Comp. Sci. | 58       | 76543 | CS-319    | 2      | Spring   | 2010 | A     |
| 76653 | Aoi      | Elec. Eng. | 60       | 76653 | EE-181    | 1      | Spring   | 2009 | C     |
| 98765 | Bourikas | Elec. Eng. | 98       | 98765 | CS-101    | 1      | Fall     | 2009 | C-    |
| 98765 | Bourikas | Elec. Eng. | 98       | 98765 | CS-315    | 1      | Spring   | 2010 | B     |
| 98988 | Tanaka   | Biology    | 120      | 98988 | BIO-101   | 1      | Summer   | 2009 | A     |
| 98988 | Tanaka   | Biology    | 120      | 98988 | BIO-301   | 1      | Summer   | 2010 | NULL  |
+-------+----------+------------+----------+-------+-----------+--------+----------+------+-------+
22 rows in set (0.07 sec)
```
## on条件只显示一次重复的属性 不使用`select *` ##
正如我们此前所见,关系名用来区分属性名D,这样ID的两次出现被分别表示为`student.ID`和`takes.ID`。
只显示一次ID值的查询版本如下:
```sql
select student.ID as ID, name, dept_name, tot_cred,course_id, sec_id, semester, year, grade
    from student
    join takes on student.ID= takes.ID;
```
```cmd
mysql> select student.ID as ID, name, dept_name, tot_cred,course_id, sec_id, semester, year, grade
    from student
    join takes on student.ID= takes.ID;
+-------+----------+------------+----------+-----------+--------+----------+------+-------+
| ID    | name     | dept_name  | tot_cred | course_id | sec_id | semester | year | grade |
+-------+----------+------------+----------+-----------+--------+----------+------+-------+
| 00128 | Zhang    | Comp. Sci. | 102      | CS-101    | 1      | Fall     | 2009 | A     |
| 00128 | Zhang    | Comp. Sci. | 102      | CS-347    | 1      | Fall     | 2009 | A-    |
| 12345 | Shankar  | Comp. Sci. | 32       | CS-101    | 1      | Fall     | 2009 | C     |
| 12345 | Shankar  | Comp. Sci. | 32       | CS-190    | 2      | Spring   | 2009 | A     |
| 12345 | Shankar  | Comp. Sci. | 32       | CS-315    | 1      | Spring   | 2010 | A     |
| 12345 | Shankar  | Comp. Sci. | 32       | CS-347    | 1      | Fall     | 2009 | A     |
| 19991 | Brandt   | History    | 80       | HIS-351   | 1      | Spring   | 2010 | B     |
| 23121 | Chavez   | Finance    | 110      | FIN-201   | 1      | Spring   | 2010 | C+    |
| 44553 | Peltier  | Physics    | 56       | PHY-101   | 1      | Fall     | 2009 | B-    |
| 45678 | Levy     | Physics    | 46       | CS-101    | 1      | Fall     | 2009 | F     |
| 45678 | Levy     | Physics    | 46       | CS-101    | 1      | Spring   | 2010 | B+    |
| 45678 | Levy     | Physics    | 46       | CS-319    | 1      | Spring   | 2010 | B     |
| 54321 | Williams | Comp. Sci. | 54       | CS-101    | 1      | Fall     | 2009 | A-    |
| 54321 | Williams | Comp. Sci. | 54       | CS-190    | 2      | Spring   | 2009 | B+    |
| 55739 | Sanchez  | Music      | 38       | MU-199    | 1      | Spring   | 2010 | A-    |
| 76543 | Brown    | Comp. Sci. | 58       | CS-101    | 1      | Fall     | 2009 | A     |
| 76543 | Brown    | Comp. Sci. | 58       | CS-319    | 2      | Spring   | 2010 | A     |
| 76653 | Aoi      | Elec. Eng. | 60       | EE-181    | 1      | Spring   | 2009 | C     |
| 98765 | Bourikas | Elec. Eng. | 98       | CS-101    | 1      | Fall     | 2009 | C-    |
| 98765 | Bourikas | Elec. Eng. | 98       | CS-315    | 1      | Spring   | 2010 | B     |
| 98988 | Tanaka   | Biology    | 120      | BIO-101   | 1      | Summer   | 2009 | A     |
| 98988 | Tanaka   | Biology    | 120      | BIO-301   | 1      | Summer   | 2010 | NULL  |
+-------+----------+------------+----------+-----------+--------+----------+------+-------+
22 rows in set (0.07 sec)
```
## on条件比自然连接功能更强 ##
`on`条件可以表示任何`SQL`谓词,从而**使用`on`条件的连接表达式就可以表示比自然连接更为丰富的连接条件**。
## on条件可以使用where替代 ##
然而,正如上例所示,使用带`on`条件的连接表达式的查询可以用不带`on`条件的等价表达式来替换,只要把`on`子句中的谓词移到`where`子句中即可。这样看来,`on`条件似乎是一个冗余的`SQL`特征
## on条件的优点 ##
但是,引入`on`条件有两个优点。
- 首先,对于我们马上要介绍的,被称作`外连接`的这类连接来说,`on`条件的表现与`where`条件是不同的。
- 其次,如果在`on`子句中指定连接条件,并在`where`子句中出现其余的条件,这样的`SQL`查询通常更容易让人读懂。

<!--SSTStop-->
