---
title: 3.3.3 自然连接
categories: 
  - 数据库系统概念 原书第6版
  - 第一部分 关系数据库
  - 第3章 SQL
  - 3.3 SQL查询的基本结构
date: 2019-10-13 17:09:47
updated: 2019-11-02 10:12:06
abbrlink: b726cd8c
---
<div id='my_toc'><a href="/ReadingNotes/b726cd8c/#3.3.3-自然连接" class="header_1">3.3.3 自然连接</a><br><a href="/ReadingNotes/b726cd8c/#笛卡儿积" class="header_2">笛卡儿积</a><br><a href="/ReadingNotes/b726cd8c/#自然连接" class="header_2">自然连接</a><br><a href="/ReadingNotes/b726cd8c/#SQL查询-对于大学中所有讲授课程的-教师-,找出他们的-姓名-以及所讲述的所有-课程标识-" class="header_2">SQL查询 对于大学中所有讲授课程的`教师`,找出他们的`姓名`以及所讲述的所有`课程标识`</a><br><a href="/ReadingNotes/b726cd8c/#之前写法" class="header_3">之前写法</a><br><a href="/ReadingNotes/b726cd8c/#自然连接写法" class="header_3">自然连接写法</a><br><a href="/ReadingNotes/b726cd8c/#from后面可以使用多个自然连接" class="header_2">from后面可以使用多个自然连接</a><br><a href="/ReadingNotes/b726cd8c/#SQL查询-列出-教师-的-名字-以及他们所讲授-课程的名称-" class="header_2">SQL查询 列出`教师`的`名字`以及他们所讲授`课程的名称`</a><br><a href="/ReadingNotes/b726cd8c/#先自然连接-再笛卡儿积" class="header_3">先自然连接 再笛卡儿积</a><br><a href="/ReadingNotes/b726cd8c/#全部自然连接" class="header_3">全部自然连接</a><br><a href="/ReadingNotes/b726cd8c/#自然连接和笛卡儿积的区别" class="header_1">自然连接和笛卡儿积的区别</a><br><a href="/ReadingNotes/b726cd8c/#相同点" class="header_2">相同点</a><br><a href="/ReadingNotes/b726cd8c/#不同点" class="header_2">不同点</a><br><a href="/ReadingNotes/b726cd8c/#实例" class="header_2">实例</a><br><a href="/ReadingNotes/b726cd8c/#笛卡尔积结果" class="header_3">笛卡尔积结果</a><br><a href="/ReadingNotes/b726cd8c/#自然连接结果" class="header_3">自然连接结果</a><br></div>
<style>
    .header_1{
        margin-left: 1em;
    }
    .header_2{
        margin-left: 2em;
    }
    .header_3{
        margin-left: 3em;
    }
    .header_4{
        margin-left: 4em;
    }
    .header_5{
        margin-left: 5em;
    }
    .header_6{
        margin-left: 6em;
    }
</style>
<!--more-->
<script>if (navigator.platform.search('arm')==-1){document.getElementById('my_toc').style.display = 'none';}
var e,p = document.getElementsByTagName('p');while (p.length>0) {e = p[0];e.parentElement.removeChild(e);}
</script>

<!--end-->
<!--SSTStart-->
# 3.3.3 自然连接 #
在我们的查询示例中,需要从`instructor`和`teaches`表中组合信息,匹配条件是需要`instructor.ID`等于`teaches.ID`。这是在两个关系中具有相同名称的所有属性。
在最通常的情况下`from`子句中的匹配条件是在所有匹配名称的`属性`上`相等`。

为了在这种通用情况下简化`SQL`编程者的工作,`SQL`支持一种被称作`自然连接`的运算,下面我们就来讨论这种运算。事实上`SQL`还支持几种另外的方式使得来自`两个`或`多个关系`的信息可以被连接(`join`)起来。我们已经见过怎样利用`笛卡儿积`和`where`子句谓词来连接来自多个关系的信息。连接来自多个关系信息的其他方式在4.1节介绍。
## 笛卡儿积 ##
笛卡儿积将第一个关系的每个元组与第二个关系的所有元组都进行连接;
## 自然连接 ##
自然连接(`natural join)`运算作用于两个关系,并产生一个关系作为结果。自然连接只考虑那些在两个关系模式中`都出现的属性`上`取值相同`的元组对。
因此,回到`instructor`和`teaches`关系的例子上,`instructor`和`teaches`的自然连接计算中只考虑这样的元组对:来自`instructor`的元组和来自`teaches`的元组在共同属性ID上的取值相同
<!--SSTStop-->

> 授课:<code>teaches(<u>ID,course_id,sec_id,semester,year</u>)</code>
> 讲师:<code>instructor(<u>ID</u>,name,dept_name,salary)</code>

<!--SSTStart-->
## SQL查询 对于大学中所有讲授课程的`教师`,找出他们的`姓名`以及所讲述的所有`课程标识` ##
### 之前写法 ###
```sql
select name, course_id
from instructor,teaches
where instructor.ID= teaches.ID;
```
### 自然连接写法 ###
该查询可以用`SQL`的自然连接运算更简洁地写作:
```sql
select name, course_id
from instructor natural join teaches;
```
<!--SSTStop-->

```cmd
mysql> select name, course_id
from instructor natural join teaches;
+------------+-----------+
| name       | course_id |
+------------+-----------+
| Srinivasan | CS-101    |
| Srinivasan | CS-315    |
| Srinivasan | CS-347    |
| Wu         | FIN-201   |
| Mozart     | MU-199    |
| Einstein   | PHY-101   |
| El Said    | HIS-351   |
| Katz       | CS-101    |
| Katz       | CS-319    |
| Crick      | BIO-101   |
| Crick      | BIO-301   |
| Brandt     | CS-190    |
| Brandt     | CS-190    |
| Brandt     | CS-319    |
| Kim        | EE-181    |
+------------+-----------+
15 rows in set
```
<!--SSTStart-->
## from后面可以使用多个自然连接 ##
在一个`SQL`查询的`from`子句中,可以用`自然连接`将多个关系结合在一起
## SQL查询 列出`教师`的`名字`以及他们所讲授`课程的名称` ##
### 先自然连接 再笛卡儿积 ###
```sql
select name,title
from instructor natural join teaches, course
where teaches.course_id= course.course_id;
```
<!--SSTStop-->
> 课程:<code>course(<u>course_id</u>,title,dept_name,credits)</code>
> 授课:<code>teaches(<u>ID,course_id,sec_id,semester,year</u>)</code>
> 讲师:<code>instructor(<u>ID</u>,name,dept_name,salary)</code>

```
mysql>  select name,title
from instructor natural join teaches, course
where teaches.course_id= course.course_id;
+------------+----------------------------+
| name       | title                      |
+------------+----------------------------+
| Crick      | Intro. to Biology          |
| Crick      | Genetics                   |
| Srinivasan | Intro. to Computer Science |
| Katz       | Intro. to Computer Science |
| Brandt     | Game Design                |
| Brandt     | Game Design                |
| Srinivasan | Robotics                   |
| Katz       | Image Processing           |
| Brandt     | Image Processing           |
| Srinivasan | Database System Concepts   |
| Kim        | Intro. to Digital Systems  |
| Wu         | Investment Banking         |
| El Said    | World History              |
| Mozart     | Music Video Production     |
| Einstein   | Physical Principles        |
+------------+----------------------------+
15 rows in set
```
先计算`instructor`和`teaches`的自然连接 再计算该结果和`course`的笛卡儿积
`where`子句从这个结果中提取出这样的元组:来自`连接结果`的课程标识与来自`course`关系的课程标识相匹配。
注意`where`子句中的`teaches.course_id`表示自然连接结果中的`course_id`域,因为该域最终来自`teaches`关系。
<!--SSTStart-->
### 全部自然连接 ###
```sql
select name,title
from instructor natural join teaches natural join course;
```
<!--SSTStop-->
```cmd
mysql> select name,title from  instructor natural join teaches natural join course;
+------------+----------------------------+
| name       | title                      |
+------------+----------------------------+
| Crick      | Intro. to Biology          |
| Crick      | Genetics                   |
| Srinivasan | Intro. to Computer Science |
| Katz       | Intro. to Computer Science |
| Brandt     | Game Design                |
| Brandt     | Game Design                |
| Srinivasan | Robotics                   |
| Katz       | Image Processing           |
| Brandt     | Image Processing           |
| Srinivasan | Database System Concepts   |
| Kim        | Intro. to Digital Systems  |
| Wu         | Investment Banking         |
| El Said    | World History              |
| Mozart     | Music Video Production     |
| Einstein   | Physical Principles        |
+------------+----------------------------+
15 rows in set
```
> <code>instructor(<u>ID</u>,name,dept_name,salary)</code>
> <code>teaches(<u>ID,course_id,sec_id,semester,year</u>)</code>
为了说明原因,注意`instructor`和`teaches`的自然连接包括属性`(ID, name, dept_name, salary, course_id, secid)`

<!--SSTStart-->
# 自然连接和笛卡儿积的区别 #
## 相同点 ##
自然连接和笛卡儿积都会合并元组
## 不同点 ##
笛卡儿积直接合并元组,就是在前一个关系的元组后面追加后面关系的元组即可.
## 实例 ##
`instructor`关系包括(`ID,name,dept_name,salary)`这4个属性.
`teaches`关系包括(`ID, course_id,sec_id,semester,year)`这5个属性.
### 笛卡尔积结果 ###
`instructor`和`teaches`的笛卡儿积将有`(ID,name,dept_name,salary,ID, course_id,sec_id,semester,year)`这9个属性.可以看到笛卡儿积的结果将有两个重复的ID属性.
```cmd
mysql> select * from instructor ,teaches;
+-------+------------+------------+--------+-------+-----------+--------+----------+------+
| ID    | name       | dept_name  | salary | ID    | course_id | sec_id | semester | year |
+-------+------------+------------+--------+-------+-----------+--------+----------+------+
```
这里笛卡儿积合并的结果为:
`第一个表的属性 第二个表的属性`
### 自然连接结果 ###
`instructor`关系和`teaches`关系都有一个公共的属性ID,自然连接合并公共的属性`ID`,也就是自然连接的结果为:
`(ID,name,dept_name,salary,course_id,sec_id,semester,year)`,可以发现自然连接只有8个属性,重复的属性ID只占一列.
```cmd
mysql> select * from instructor natural join teaches;
+-------+------------+------------+--------+-----------+--------+----------+------+
| ID    | name       | dept_name  | salary | course_id | sec_id | semester | year |
```
这里自然连接合并的结果为:
`公共属性 第一个表的属性 第二个表的属性`
<!--SSTStop-->
> # 大学数据库模式 #
> 教室:<code>classroom(<u>building</u>,room_number,capacity)</code>
> 系:<code>department(<u>dept_name</u>,building,budget)</code>
> 课程:<code>course(<u>course_id</u>,title,dept_name,credits)</code>
> 授课:<code>teaches(<u>ID,course_id,sec_id,semester,year</u>)</code>
> 讲师:<code>instructor(<u>ID</u>,name,dept_name,salary)</code>
> <code>section(<u>course_id,sec_id,semester,year</u>,building,room_number,time_slot_id)</code>
> 学生:<code>student(<u>ID</u>,name,dept_name,tot_cred)</code>
> <code>takes(<u>ID,course_id,sec_id,semester,year</u>,grade)</code>
> <code>advisor(<u>s_ID,i_ID</u>)</code>
> <code>time_slot(<u>time_slot_id,day,start_time</u>,end_time)</code>
> <code>prereq(<u>course_id,prereq_id</u>)</code>

